Section,Topic,Number,Question,Correct Answer,Incorrect Answer 1,Incorrect Answer 2,Incorrect Answer 3
Importing Images into Lightroom Classic,The Import Dialog Box,1,Which of the following is NOT a source option in the Lightroom Classic Import dialog?,A collection within your Lightroom catalogue,A specific folder on your hard drive,A memory card from your camera,A connected camera
Importing Images into Lightroom Classic,The Import Dialog Box,2,"What is the purpose of the ""Loupe"" view in the Import dialog?",To see a larger preview of a single selected image,To compare two images side-by-side,To view all the images on your memory card as thumbnails,To filter images based on their file type
Importing Images into Lightroom Classic,The Import Dialog Box,3,"In the Import dialog, what does the ""Eject after import"" checkbox do?",It safely removes the memory card or connected device after the import.,It closes the Import dialog box after the import is complete.,It deletes the images from the memory card after they are imported.,It moves the imported photos to the trash after they are in the catalogue.
Importing Images into Lightroom Classic,The Import Dialog Box,4,Which panel in the Import dialog allows you to choose where your photos will be stored?,Destination,Source,File Handling,Apply During Import
Importing Images into Lightroom Classic,The Import Dialog Box,5,"What is the function of the ""Don't Import Suspected Duplicates"" option?",It checks for images that have already been imported into the current catalogue and deselects them.,It prevents Lightroom from importing any images that have the same filename as existing images in the catalogue.,It analyses image content to identify and exclude visually similar photos.,It deletes any duplicate images found on the memory card.
Importing Images into Lightroom Classic,File Handling,1,"What is the difference between ""Copy"" and ""Move"" in the File Handling panel of the Import dialog?","""Copy"" creates a duplicate of the image file in the new location, while ""Move"" transfers the original file.","""Copy"" is for importing from a memory card, while ""Move"" is for importing from a hard drive.","""Copy"" renames the files during import, while ""Move"" keeps the original filenames.",There is no difference; they perform the same function.
Importing Images into Lightroom Classic,File Handling,2,"When should you use the ""Add"" option in the File Handling panel?",When your photos are already on your computer and you want to keep them in their current location.,When you want to import photos from a memory card.,When you want to create a second copy of your photos in a new location.,When you want to convert your photos to DNG format during import.
Importing Images into Lightroom Classic,File Handling,3,"What is the primary advantage of choosing ""Copy as DNG"" when importing?","It converts proprietary raw files into Adobe's openly documented raw format, which can also store metadata directly in the file.",It bakes your Develop adjustments permanently into the raw data.,It creates a smaller JPEG version of each photo for web use.,It doubles the dynamic range captured by the camera's sensor.
Importing Images into Lightroom Classic,File Handling,4,"Which of the following is NOT an option in the ""Build Previews"" setting in the File Handling panel?",2:1,Minimal,Standard,Embedded & Sidecar
Importing Images into Lightroom Classic,File Handling,5,"What does the ""Make a Second Copy To"" option allow you to do?",Create a backup of your imported photos to a different location during the import process.,Import the same photos into two different Lightroom catalogues simultaneously.,Create virtual copies of your photos within the same catalogue.,Convert your photos to a different file format and save them in a separate folder.
Importing Images into Lightroom Classic,File Renaming,1,Which of the following is a valid way to create a custom file renaming template?,"By using the ""Filename Template Editor"" to combine various text and token options.","By typing the desired filename structure directly into the ""Custom Name"" field.","By selecting a preset and then modifying it in the ""Develop"" module.",By using a third-party plugin to create and import templates.
Importing Images into Lightroom Classic,File Renaming,2,"What does the ""Date (YYYYMMDD)"" token in the Filename Template Editor represent?",The date the photo was captured.,The date the photo was imported into Lightroom.,The current date.,A custom date that you can enter manually.
Importing Images into Lightroom Classic,File Renaming,3,"If you use the ""Custom Name - Sequence"" template, what will the resulting filenames look like?","A custom name you enter, followed by a sequence number (e.g., MyTrip-1.CR2).","The original filename followed by a sequence number (e.g., IMG_1234-1.CR2).","The date the photo was taken, followed by a sequence number (e.g., 20231026-1.CR2).","The camera's serial number, followed by a sequence number."
Importing Images into Lightroom Classic,File Renaming,4,Where can you access the Filename Template Editor?,"In the ""File Renaming"" panel of the Import dialog, by selecting ""Edit..."" from the ""Template"" dropdown menu.","In the ""File Handling"" panel of the Import dialog.","In the ""Library"" module, by going to the ""Library"" menu and selecting ""Rename Photos.""","In the ""Develop"" module, under the ""Presets"" panel."
Importing Images into Lightroom Classic,File Renaming,5,"What is the purpose of the ""Start Number"" field in the File Renaming panel?",It determines the first number in a sequence for renamed files.,It specifies the number of digits in the sequence number.,It indicates the total number of photos to be renamed.,It is not a feature in the File Renaming panel.
Importing Images into Lightroom Classic,Apply During Import,1,"Which combination of settings can be applied automatically in the ""Apply During Import"" panel?","Develop settings, a metadata preset, and keywords.","Star ratings, colour labels, and flags.",Export settings and watermarks.,Print templates and slideshow settings.
Importing Images into Lightroom Classic,Apply During Import,2,What is the primary benefit of applying a metadata preset during import?,"It adds copyright information, contact details, and other metadata to your photos as they are imported.",It automatically adjusts the exposure and white balance of your photos.,It organises your photos into collections based on their metadata.,It renames your files based on their metadata.
Importing Images into Lightroom Classic,Apply During Import,3,How can you add keywords to your photos during the import process?,"By typing them into the ""Keywords"" field in the ""Apply During Import"" panel.","By using the ""Painter"" tool inside the Import dialog.",By dragging keywords onto the thumbnails in the Import dialog.,Keywords cannot be added during import.
Importing Images into Lightroom Classic,Apply During Import,4,"If you apply a Develop preset during import, when will you see the changes?",After the import is complete and you are viewing the photos in the Library module.,Immediately in the Import dialog previews.,Only after you have opened the photos in the Develop module.,The changes are only applied to the exported images.
Importing Images into Lightroom Classic,Apply During Import,5,"What is the purpose of the ""Metadata"" dropdown menu in the ""Apply During Import"" panel?",It lets you select a previously saved metadata preset to apply to your imported photos.,It allows you to choose which metadata fields are displayed in the Library module.,It provides a list of all the metadata associated with the selected photo.,It is used to filter photos based on their metadata.
Importing Images into Lightroom Classic,Destination,1,"When you choose to organise your photos ""By date"" in the Destination panel, what will the folder structure look like?","A series of folders organised by date (e.g., year, then month, then day).",A single folder containing all the imported photos.,"A separate folder for each photo, named with the date the photo was taken.",A folder structure that you define manually.
Importing Images into Lightroom Classic,Destination,2,"What does the ""Into Subfolder"" option in the Destination panel allow you to do?",Create a new subfolder within the selected destination folder for your imported photos.,Import your photos into an existing subfolder.,Organise your photos into subfolders based on their file type.,Create a virtual copy of your photos in a subfolder.
Importing Images into Lightroom Classic,Destination,3,"If you select ""Into one folder"" in the ""Organize"" dropdown menu, what will be the result?",All imported photos will be placed in a single folder that you specify.,Lightroom will create a new folder for each import session.,The photos will be organised by their original folder structure.,This is not a valid option in the Destination panel.
Importing Images into Lightroom Classic,Destination,4,How can you choose a different destination folder for your imported photos?,By clicking on the folder name in the Destination panel and navigating to the desired location.,By dragging and dropping the photos from the Import dialog to the desired folder on your computer.,"By typing the file path of the desired folder into the ""Destination"" field.",You cannot change the destination folder once the Import dialog is open.
Importing Images into Lightroom Classic,Destination,5,"What is the purpose of the ""Folders"" panel in the Library module after you have imported your photos?","It displays the folder structure of your hard drive, allowing you to see where your photos are located.",It is used to create and manage collections of your photos.,It provides a list of all the keywords used in your catalogue.,It is where you can edit the metadata of your photos.
Masking in Lightroom Classic,Understanding the Masking Panel,1,Where is the main Masking tool icon located in the Develop module?,"In the toolbar below the Histogram, represented by a circle with a dotted outline.","In the Basic panel, next to the ""Auto"" button.",In the bottom filmstrip toolbar.,"Under the ""Tools"" menu in the main menu bar."
Masking in Lightroom Classic,Understanding the Masking Panel,2,"In the Masking panel, what does a white overlay on your image signify?",The area that will be affected by the mask's adjustments.,The area that is protected from any adjustments.,The area that has been permanently deleted.,The area where the focus is sharpest.
Masking in Lightroom Classic,Understanding the Masking Panel,3,"How do you create a new, separate mask in the Masking panel after you have already created one?","Click the ""Create New Mask"" button in the main Masking panel.","Click the ""Add"" button within the existing mask's options.",Double-click the existing mask's pin on the image.,You can only have one mask per image.
Masking in Lightroom Classic,Understanding the Masking Panel,4,"What is the purpose of the ""Invert"" checkbox for a mask?","It reverses the selection, affecting the previously unselected area and protecting the selected area.",It flips the image horizontally.,It applies the opposite of the current slider adjustments.,It changes the mask overlay colour from red to green.
Masking in Lightroom Classic,Understanding the Masking Panel,5,How can you temporarily hide all mask overlays to see your image without distractions?,"By unchecking the ""Show Overlay"" box at the bottom of the Masking panel.",By pressing the 'H' key on the keyboard.,By closing and reopening the Masking panel.,By clicking the eye icon next to the mask's name.
Masking in Lightroom Classic,Select Subject and Select Sky,1,"What technology does ""Select Subject"" primarily use to identify the main subject in a photo?",Artificial Intelligence (AI) and machine learning,Colour contrast detection,Edge detection algorithms,Focus plane analysis
Masking in Lightroom Classic,Select Subject and Select Sky,2,"If ""Select Sky"" incorrectly includes a tree branch in its selection, what is the best next step to refine the mask?","Use the ""Subtract"" button and then the ""Brush"" tool to paint away the selection on the branch.",Delete the mask and try again.,"Lower the ""Feather"" of the entire mask until the branch is excluded.","Increase the ""Clarity"" slider to force a better selection."
Masking in Lightroom Classic,Select Subject and Select Sky,3,"After using ""Select Subject,"" you can...","Apply any local adjustment available in the masking panel, like temperature, texture, or saturation.",Only adjust the exposure of the subject.,No longer make any global adjustments to the entire image.,Not add any other masks to the photo.
Masking in Lightroom Classic,Select Subject and Select Sky,4,"When is ""Select Sky"" most likely to produce an accurate, one-click mask?","On a photo with a clean, well-defined horizon line.","On a photo with a complex, busy background and a clear sky.",On a photo taken indoors with no visible sky.,"On a photo with multiple objects overlapping the sky, like a dense forest."
Masking in Lightroom Classic,Select Subject and Select Sky,5,"What happens if you run ""Select Subject"" on an image with no clear, discernible subject?",Lightroom will attempt to create a selection based on what it interprets as the most prominent object.,Lightroom will display an error message and refuse to create a mask.,The entire image will be selected.,A random circular mask will be placed in the centre of the image.
Masking in Lightroom Classic,Select Background,1,"The ""Select Background"" mask is functionally the inverse of which other AI mask?",Select Subject,Select Sky,Select People,Objects
Masking in Lightroom Classic,Select Background,2,"When would you choose ""Select Background"" over manually brushing the background?",To save time when the background is complex but distinct from the subject.,"When you need to make extremely precise, pixel-perfect adjustments around a simple object.",When the AI tools are turned off in your Lightroom preferences.,When you want to apply a gradient effect to the background.
Masking in Lightroom Classic,Select Background,3,"After creating a ""Select Background"" mask, you notice a small part of the subject was included in the mask. How do you fix this?","Click ""Subtract"" from the mask and use the ""Brush"" to remove the selection from the subject.","Increase the mask's ""Dehaze"" slider.","Create a new ""Select Subject"" mask and merge them.",You must delete the mask and start over.
Masking in Lightroom Classic,Select Background,4,"""Select Background"" works by first identifying the...",Subject of the image.,Out-of-focus areas of the image.,Darkest parts of the image.,Edges of the frame.
Masking in Lightroom Classic,Select Background,5,"Which of these adjustments is most commonly applied using a ""Select Background"" mask?",Slightly decreasing the exposure or saturation to make the subject stand out.,Sharpening the background.,Increasing the highlights in the background.,Applying a heavy vignette to the background.
Masking in Lightroom Classic,Objects Tool,1,"The ""Objects"" selection tool has two modes. What are they?",Brush and Rectangle,Circle and Square,Hard and Soft,Add and Subtract
Masking in Lightroom Classic,Objects Tool,2,"What is the primary purpose of the ""Objects"" tool?","To allow the user to make a rough selection of an object, which Lightroom's AI then refines.",To automatically detect all objects in a scene.,To create geometric shapes like circles and squares.,To select a specific colour range within the image.
Masking in Lightroom Classic,Objects Tool,3,"How does the ""Brush"" mode within the ""Objects"" tool differ from the regular ""Brush"" mask tool?",It is content-aware and tries to find the edges of the object you are painting over.,It can only paint in black and white.,It applies adjustments directly as you paint.,There is no difference.
Masking in Lightroom Classic,Objects Tool,4,"When using the ""Rectangle"" mode of the ""Objects"" tool, what is the best practice for making a selection?",Draw a tight rectangle that just encompasses the object you want to select.,Draw a rectangle that is much larger than the object.,You must click on the four corners of the object you want to select.,Draw a rectangle over a different object to confuse the AI.
Masking in Lightroom Classic,Objects Tool,5,"After the AI refines your ""Objects"" selection, what is the recommended way to add a missed part of the object to the selection?","Use the ""Add"" button within the same mask and use the ""Brush"" to paint over the missed area.","Create a completely new ""Objects"" mask and merge them.","Adjust the ""Feather"" slider until the missed part is included.","Use the ""Select Subject"" tool to update the mask."
Masking in Lightroom Classic,"Brush, Linear Gradient, and Radial Gradient",1,Which setting controls the hardness of the edge of the Brush tool?,Feather,Flow,Density,Size
Masking in Lightroom Classic,"Brush, Linear Gradient, and Radial Gradient",2,"What is the main function of a ""Linear Gradient"" mask?",To create a selection that fades gradually in a straight line.,To select a circular or oval area.,To paint a selection with a brush.,To automatically select the horizon line in a landscape.
Masking in Lightroom Classic,"Brush, Linear Gradient, and Radial Gradient",3,"When using the ""Radial Gradient"" tool, what does the ""Feather"" slider control?",The smoothness of the transition between the selected and unselected areas.,The size of the oval shape.,The opacity of the entire selection.,The angle of the gradient.
Masking in Lightroom Classic,"Brush, Linear Gradient, and Radial Gradient",4,"How can you constrain the ""Brush"" tool to paint in a perfectly straight horizontal or vertical line?","Hold down the 'Shift' key, click a start point, and then click an end point.",Hold down the 'Ctrl' (Cmd on Mac) key while painting.,Double-click the Brush icon.,"Use the ""Auto Mask"" feature."
Masking in Lightroom Classic,"Brush, Linear Gradient, and Radial Gradient",5,"By default, where are the adjustments of a ""Radial Gradient"" applied?",Inside the oval shape.,Outside the oval shape.,Both inside and outside the oval shape equally.,Only to the edge of the oval shape.
Masking in Lightroom Classic,"Luminance, Color, and Depth Range Masks",1,"A ""Luminance Range"" mask allows you to refine a selection based on...",Brightness,Colour,Sharpness,Camera-to-subject distance
Masking in Lightroom Classic,"Luminance, Color, and Depth Range Masks",2,"You have used a Linear Gradient to select the sky. How could you use a ""Color Range"" mask to refine this selection to only affect the blue parts of the sky, avoiding clouds?","Intersect the gradient mask with a ""Color Range"" mask, sampling the blue colour.","Subtract a ""Luminance Range"" mask from the gradient.","Create a separate ""Brush"" mask for the clouds.",This type of refinement is not possible.
Masking in Lightroom Classic,"Luminance, Color, and Depth Range Masks",3,"The ""Depth Range"" masking option is only available for which type of image files?",Images containing an embedded depth map (like HEIC files from a smartphone's portrait mode).,JPEGs,DNGs,PNGs
Masking in Lightroom Classic,"Luminance, Color, and Depth Range Masks",4,"In the ""Luminance Range"" tool, what does the ""Smoothness"" slider control?",How gradually the selection fades out at the edges of the selected brightness range.,The overall brightness of the selected area.,The size of the selected area.,The feathering of the original mask.
Masking in Lightroom Classic,"Luminance, Color, and Depth Range Masks",5,"How do you activate the ""Color Range"" picker to sample a colour from the image?",Click on the eyedropper icon within the Color Range mask controls.,Press the 'C' key.,Double-click on the image.,It is always active by default.
Masking in Lightroom Classic,Intersecting and Subtracting Masks,1,"What is the result of ""Intersecting"" Mask A with Mask B?",The final selection is the area where Mask A and Mask B overlap.,The final selection is the combined area of both Mask A and Mask B.,The area of Mask B is removed from Mask A.,Mask B completely replaces Mask A.
Masking in Lightroom Classic,Intersecting and Subtracting Masks,2,"You have used ""Select Sky"" but it also selected the reflection of the sky in a lake. What is the most efficient way to remove the lake from the selection?","From the ""Select Sky"" mask, choose ""Subtract"" and then use a ""Linear Gradient"" to cover the lake.",Manually erase the selection on the lake with the Brush tool.,"Lower the ""Flow"" of the ""Select Sky"" mask.","Create a ""Select Subject"" mask to counteract it."
Masking in Lightroom Classic,Intersecting and Subtracting Masks,3,"Which of the following scenarios would be a good use case for the ""Intersect"" function?","Selecting the sky, then intersecting it with a ""Luminance Range"" mask to only affect the brightest clouds.","Selecting a person's face, then subtracting their eyes to avoid over-sharpening them.",Selecting the entire image and then adding a radial filter to the centre.,"Selecting a blue car, then adding the red taillights to the same mask."
Masking in Lightroom Classic,Intersecting and Subtracting Masks,4,"How do you access the ""Intersect"" command in the Masking panel?","Click the three-dot menu next to a mask component and choose ""Intersect Mask With"".",It has a dedicated button at the top of the panel.,"Right-click on the image and select ""Intersect"".",Press the 'I' key while a mask is selected.
Masking in Lightroom Classic,Intersecting and Subtracting Masks,5,"What is the difference between ""Add"" and ""Intersect""?","""Add"" expands the masked area, while ""Intersect"" restricts it.","""Intersect"" is used for AI masks, while ""Add"" is for manual masks.",They are the same function with different names.,"""Add"" can only be used with the Brush tool, while ""Intersect"" can be used with any tool."
Global Adjustments,The Basic Panel: White Balance & Tone,1,What is the primary function of the White Balance controls (Temp & Tint)?,To remove or correct unrealistic colour casts so that objects which appear white in person are rendered white in the photo.,To adjust the overall brightness and contrast of the image.,To increase the saturation and vibrance of the colours.,To convert the image to black and white.
Global Adjustments,The Basic Panel: White Balance & Tone,2,"If you drag the Exposure slider to the right, what effect does it have on the image?","It makes the entire image brighter, affecting the mid-tones the most.",It makes the entire image darker.,It increases the contrast between light and dark areas.,It specifically brightens the shadow areas.
Global Adjustments,The Basic Panel: White Balance & Tone,3,Which slider specifically targets the brightest areas of an image and is used to recover detail in overexposed areas like a bright sky?,Highlights,Exposure,Whites,Contrast
Global Adjustments,The Basic Panel: White Balance & Tone,4,The Shadows slider is most effective for:,Brightening the darkest parts of the image to reveal more detail.,Making the darkest parts of the image even darker.,Increasing the overall contrast of the image.,Adding a colour tint to the shadow areas.
Global Adjustments,The Basic Panel: White Balance & Tone,5,What is the difference between the Whites and the Highlights sliders?,"Highlights affects the brighter range of tones, while Whites sets the absolute white point of the image.",There is no difference; they perform the same function.,"Whites adjusts the colour temperature, while Highlights adjusts the brightness.","Highlights is for colour images, and Whites is for black and white images."
Global Adjustments,The Basic Panel: Presence,1,"Which ""Presence"" slider is best for enhancing medium-sized details and adding ""punch"" to the mid-tones?",Clarity,Texture,Dehaze,Vibrance
Global Adjustments,The Basic Panel: Presence,2,The Texture slider is designed to affect what kind of details?,"Fine, high-frequency details, like skin pores or fabric weaves, without affecting larger details.","Large, broad areas of contrast.",The overall brightness of the image.,Atmospheric haze in landscape photos.
Global Adjustments,The Basic Panel: Presence,3,What is the primary purpose of the Dehaze slider?,"To add or remove atmospheric haze, fog, or mist from a photo.",To soften the details in an image for a dreamy effect.,To adjust the overall colour saturation.,To sharpen the edges of objects in the photo.
Global Adjustments,The Basic Panel: Presence,4,What is the key difference between Vibrance and Saturation?,"Vibrance intelligently increases the intensity of muted colours more than already saturated colours, preventing skin tones from looking unnatural.","Vibrance increases the intensity of all colours equally, while Saturation is more targeted.","Saturation only affects warm colours, while Vibrance only affects cool colours.",They are identical tools with different names.
Global Adjustments,The Basic Panel: Presence,5,Dragging the Clarity slider to a negative value will have what effect?,"It will soften the image, which can be useful for flattering portraits.",It will sharpen the image.,It will increase contrast.,It will remove colour from the image.
Global Adjustments,The Tone Curve Panel,1,"In the standard Tone Curve graph, what does the horizontal axis represent?","The original input tones of the image, from black on the left to white on the right.",The output tones (the new brightness values after adjustment).,The hue of the colours in the image.,The amount of sharpening applied.
Global Adjustments,The Tone Curve Panel,2,"Creating a gentle ""S-curve"" with the Tone Curve will typically have what effect on your image?",It will increase the overall contrast of the image.,It will decrease the saturation.,It will mute the highlights and shadows.,It will make the entire image brighter.
Global Adjustments,The Tone Curve Panel,3,"How do you adjust a specific tonal range (e.g., darks, lights) using the sliders available in the Tone Curve panel?","By using the Highlights, Lights, Darks, and Shadows sliders below the main graph.",By clicking directly on the curve and dragging.,By using the White Balance eyedropper tool.,These tonal ranges cannot be adjusted with sliders in the Tone Curve panel.
Global Adjustments,The Tone Curve Panel,4,"What does the ""Targeted Adjustment Tool"" within the Tone Curve panel allow you to do?",It lets you click and drag up or down directly on the photo to brighten or darken the corresponding tones on the curve.,It automatically sets the white and black points of the image.,It applies a preset curve based on the area you click.,It selects a specific colour to be adjusted.
Global Adjustments,The Tone Curve Panel,5,"What does ""clipping the blacks"" or ""crushing the blacks"" mean when using the Tone Curve?","Shifting the bottom-left point of the curve to the right, making the darkest parts of the image pure black with no detail.",Brightening the shadow areas to show more detail.,Adding a blue tint to the shadow areas.,Making the entire image less contrasty.
Global Adjustments,The HSL/Color Panel,1,"What does ""HSL"" stand for?","Hue, Saturation, Luminance","Highlights, Shadows, Luminance",High-Saturation Level,"Hazy, Sharp, Light"
Global Adjustments,The HSL/Color Panel,2,"If you select the ""Hue"" tab in the HSL panel and adjust the ""Blue"" slider, what are you changing?","You are changing the actual shade of blue, shifting it towards aqua or purple.",You are changing how bright or dark the blue tones are.,You are changing the intensity or purity of the blue tones.,You are removing all blue from the image.
Global Adjustments,The HSL/Color Panel,3,The Luminance tab in the HSL panel is most commonly used for what purpose in landscape photography?,To darken blue skies to make them appear richer and more dramatic.,To make the entire photo brighter.,To change the colour of the sky.,To increase the saturation of the foliage.
Global Adjustments,The HSL/Color Panel,4,What is the function of the Targeted Adjustment Tool in the HSL panel?,"It allows you to click on a specific colour in the image and drag up or down to adjust its Hue, Saturation, or Luminance.",It automatically creates a perfect colour balance.,It crops the image to focus on a specific colour.,It only works for adjusting the grayscale mix.
Global Adjustments,The HSL/Color Panel,5,"What is the difference between the ""HSL"" and ""Color"" modes in this panel?","""HSL"" groups adjustments by function (Hue, Saturation, Luminance), while ""Color"" groups them by colour channel (Red, Orange, Yellow, etc.).","The ""Color"" mode is for colour images and ""HSL"" is for black and white.","The ""HSL"" mode is less precise than the ""Color"" mode.","There is no functional difference, only a different layout."
Global Adjustments,Color Grading,1,The Color Grading panel allows you to add a colour tint to which three distinct tonal ranges?,"Highlights, Midtones, and Shadows","Reds, Greens, and Blues","Lights, Darks, and Presence","Texture, Clarity, and Dehaze"
Global Adjustments,Color Grading,2,"On the colour wheels in the Color Grading panel, what does moving the control handle from the centre towards the outer edge do?",It increases the saturation (intensity) of the selected colour tint.,It changes the hue of the colour tint.,It brightens the selected tonal range.,It blends the tonal ranges together.
Global Adjustments,Color Grading,3,What do the Blending and Balance sliders control in the Color Grading panel?,"Blending controls how much the colour tints overlap, and Balance shifts the division point between what is considered shadows and highlights.","Blending controls the overall saturation, and Balance controls the overall brightness.","Blending mixes the three colour wheels into one, and Balance adjusts the white balance.",They control the amount of sharpening and noise reduction.
Global Adjustments,Color Grading,4,"The single ""Global"" colour wheel allows you to do what?","It applies a single colour tint and saturation adjustment across the entire image, independent of tonal range.",It adjusts the white balance of the entire image.,It shows a summary of the adjustments made to the other three wheels.,It automatically selects complementary colours for your image.
Global Adjustments,Color Grading,5,"""Split Toning,"" the predecessor to Color Grading, was limited to adjusting which tonal ranges?",Shadows and Highlights,Midtones and Highlights,Only the Shadows,Only the Midtones
Keyboard Shortcuts,Library Module: Viewing & Rating,1,Which key switches you to Grid view (seeing many thumbnails) in the Library module?,G,E,L,D
Keyboard Shortcuts,Library Module: Viewing & Rating,2,"You are viewing an image and want to cycle through the ""Lights Out"" modes to focus on your photo against a dim or black background. Which key do you press?",L,F,D,I
Keyboard Shortcuts,Library Module: Viewing & Rating,3,"What is the keyboard shortcut to set a ""Pick"" flag on an image?",P,F,1,W
Keyboard Shortcuts,Library Module: Viewing & Rating,4,How can you quickly give an image a 3-star rating using the keyboard?,Press the number '3' key.,Press the 'S' key three times.,Hold 'Alt' and press '3'.,Hold 'Ctrl' and press '3'.
Keyboard Shortcuts,Library Module: Viewing & Rating,5,"To compare two images side-by-side in the Library module, you should select both thumbnails and press which key?",C,N,2,Y
Keyboard Shortcuts,Library Module: Organisation,1,"What is the shortcut to create a new ""Virtual Copy"" of a selected photograph, allowing you to have multiple edits of the same source file?",Ctrl+' (Cmd+'),Ctrl+V (Cmd+V),Ctrl+C (Cmd+C),Alt+V (Opt+V)
Keyboard Shortcuts,Library Module: Organisation,2,Which key adds a selected photo to the Quick Collection?,B,Q,C,A
Keyboard Shortcuts,Library Module: Organisation,3,"You want to quickly create a new standard Collection in the Collections panel. What is the keyboard shortcut to bring up the ""Create Collection"" dialog box?",Ctrl+N (Cmd+N),Ctrl+Shift+C (Cmd+Shift+C),Alt+C (Opt+C),Ctrl+G (Cmd+G)
Keyboard Shortcuts,Library Module: Organisation,4,"To see where your photo is located on your computer's hard drive, you can use which shortcut to ""Show in Explorer"" (Windows) or ""Show in Finder"" (Mac)?",Ctrl+R (Cmd+R),Ctrl+F (Cmd+F),Ctrl+S (Cmd+S),Ctrl+L (Cmd+L)
Keyboard Shortcuts,Library Module: Organisation,5,"After selecting a photo, what keyboard shortcut rejects it by marking it with a black flag?",X,R,D,0
Keyboard Shortcuts,Develop Module: Tools & Views,1,Which key immediately activates the Crop & Straighten tool in the Develop module?,R,C,S,T
Keyboard Shortcuts,Develop Module: Tools & Views,2,You are in the Develop module and want to see a side-by-side or top/bottom view of your image before and after your edits. Which key provides this?,Y,B,A,V
Keyboard Shortcuts,Develop Module: Tools & Views,3,Which keyboard shortcut activates the Spot Removal (Healing) tool in the Develop module?,Q,S,H,R
Keyboard Shortcuts,Develop Module: Tools & Views,4,"Which key opens the main Masking panel, giving you access to the Brush, Gradients, and AI selection tools?",Shift+W,M,K,Shift+M
Keyboard Shortcuts,Develop Module: Tools & Views,5,You're in any module and want to jump directly to the Develop module to start editing a selected photo. Which key do you press?,D,E,T,M
Keyboard Shortcuts,Develop Module: Adjustments & Previews,1,"To quickly see the ""before"" state of your image while in the Develop module, which key can you press and hold?",The \ (backslash) key,The / (forward slash) key,The B key,The P key
Keyboard Shortcuts,Develop Module: Adjustments & Previews,2,What is the keyboard shortcut to quickly convert a colour photo to Black & White in the Basic panel?,V,B,Ctrl+B (Cmd+B),G
Keyboard Shortcuts,Develop Module: Adjustments & Previews,3,"Which key do you press to show or hide the clipping masks, which indicate areas of pure black or pure white with no detail?",J,C,H,O
Keyboard Shortcuts,Develop Module: Adjustments & Previews,4,"When using a tool like the Adjustment Brush, what is the fastest way to increase or decrease the brush size?",Using the [ and ] (square bracket) keys.,Using the + and - (plus and minus) keys.,Holding Ctrl (Cmd) and using the arrow keys.,Using the up and down arrow keys
Keyboard Shortcuts,Develop Module: Adjustments & Previews,5,What is the shortcut for activating the White Balance Selector (eyedropper tool) to click on a neutral-toned area in your image?,W,E,B,I
Keyboard Shortcuts,Global Shortcuts (Across Modules),1,What happens when you press the Tab key in Lightroom?,It hides or shows both the left and right side panels.,It takes you to the next photo in the filmstrip.,It opens the Export dialog.,"It hides all panels, including the top and bottom ones."
Keyboard Shortcuts,Global Shortcuts (Across Modules),2,"Which shortcut will open the Export dialog box, allowing you to save your edited photo as a JPEG or other format?",Ctrl+Shift+E (Cmd+Shift+E),Ctrl+E (Cmd+E),Ctrl+S (Cmd+S),Alt+E (Opt+E)
Keyboard Shortcuts,Global Shortcuts (Across Modules),3,"You want a clean, full-screen preview of your selected image without any of Lightroom's interface. Which key should you press?",F,Shift+F,E,L
Keyboard Shortcuts,Global Shortcuts (Across Modules),4,What is the function of the T key in the Library and Develop modules?,It shows or hides the Toolbar that appears below the main image preview area.,It opens the Tone Curve panel.,"It adds the ""T"" keyword to the photo.",It synchronises the settings of all selected photos.
Keyboard Shortcuts,Global Shortcuts (Across Modules),5,"To send an image from Lightroom to be edited in Adobe Photoshop, you would press:",Ctrl+E (Cmd+E),Ctrl+P (Cmd+P),Ctrl+Shift+P (Cmd+Shift+P),Ctrl+X (Cmd+X)
Exporting Images,Export Location,1,"In the ""Export Location"" panel, what does the ""Same folder as original photo"" option do?",It saves the exported file in the exact same folder where your original source file is located.,It overwrites your original raw file with the new exported file.,"It creates a new folder called ""Exported"" inside the original photo's folder.",It moves the original photo to a new location.
Exporting Images,Export Location,2,"What is the purpose of the ""Put in Subfolder"" checkbox?","It creates a new, named folder inside your chosen destination to hold the exported images.",It adds the exported photos to a Lightroom collection.,It converts your existing folder structure into a single folder.,It is a required step for all exports.
Exporting Images,Export Location,3,"When exporting, the ""Existing Files"" dropdown gives you the option ""Ask what to do."" When does this option activate?",It activates only when Lightroom detects a file with the same name in the destination folder.,"It activates every time you export, asking for confirmation.",It activates when you are exporting from a collection.,It activates when your hard drive is nearly full.
Exporting Images,Export Location,4,"What does the ""Add to This Catalog"" option do when checked?","It re-imports the exported file (e.g., a JPEG) back into your Lightroom Classic catalogue as a separate image.",It overwrites the original file in the catalogue with the new exported version.,It adds the export settings to a list of presets.,It backs up your catalogue after the export is complete.
Exporting Images,Export Location,5,"Which ""Export To"" option is generally the best practice for creating a dedicated, organised folder of final images on your desktop or another drive?",Specific folder,Same folder as original photo,Choose folder later,User home folder
Exporting Images,File Naming,1,"If you want to name your exported files ""Vacation-1,"" ""Vacation-2,"" etc., which renaming template should you choose?",Custom Name - Sequence,Filename,Date - Filename,Edit...
Exporting Images,File Naming,2,"Where would you go to create a complex custom filename like ""2025-10-26_NewYork_001.jpg""?","The ""Filename Template Editor"" by choosing ""Edit..."" from the template dropdown.","The ""File Settings"" panel.","The ""Metadata"" panel.","The ""Post-Processing"" panel."
Exporting Images,File Naming,3,"What is the purpose of the ""Start Number"" field in the File Naming panel?","It defines the first number used in a sequence for your filenames (e.g., starting at 1, 100, etc.).",It sets the number of photos to be exported.,It tells Lightroom which photo in a selection to start exporting from.,It is not an editable field.
Exporting Images,File Naming,4,"If you uncheck the ""Rename To"" box in the File Naming panel, what will your exported files be named?","They will keep their original filenames (e.g., _MG_1234.jpg).",They will be given a random sequence of numbers.,The export will fail.,"They will be named ""Untitled."""
Exporting Images,File Naming,5,Which of the following can be automatically included in a filename using the template editor?,"The date of capture, custom text, and an automatic sequence number.",The name of the Develop preset applied to the photo.,The number of times the photo has previously been exported.,A thumbnail of the image embedded in the filename.
Exporting Images,File Settings,1,"Which file format is best for exporting photos for use on the web, offering a good balance of quality and small file size?",JPEG,TIFF,PSD,DNG
Exporting Images,File Settings,2,"What does the ""Quality"" slider for a JPEG export control?","The level of file compression, where 100 is the highest quality and largest file size.",The dimensions of the image in pixels.,The colour accuracy of the image.,The amount of sharpening applied to the image.
Exporting Images,File Settings,3,"For web use, which Color Space should you almost always choose to ensure colours look correct on most screens and devices?",sRGB,Adobe RGB (1998),ProPhoto RGB,Grayscale
Exporting Images,File Settings,4,"You need to export a file with maximum quality for further editing in Photoshop, preserving layers if possible and using 16-bit colour depth. Which format should you choose?",TIFF or PSD,JPEG,DNG,Original
Exporting Images,File Settings,5,What is a major disadvantage of exporting a photo in the TIFF format compared to JPEG?,TIFF files are much larger in size.,TIFF files have significantly lower image quality.,TIFF files are not compatible with most other software.,TIFF files cannot be used for printing.
Exporting Images,Image Sizing,1,"If you want to export an image to be exactly 1080 pixels on its shortest side, which ""Resize to Fit"" option should you choose?",Short Edge,Width & Height,Long Edge,Megapixels
Exporting Images,Image Sizing,2,"What is the purpose of the ""Don't Enlarge"" checkbox?","It ensures that if your specified dimensions are larger than the original photo, the photo will not be upscaled, preserving its original quality.",It prevents you from exporting the image.,It stops the export process if the file size is too large.,It automatically reduces the quality of enlarged images.
Exporting Images,Image Sizing,3,"The ""Resolution"" field, measured in ""pixels per inch"" (PPI), is most relevant for which purpose?",Printing your images.,Displaying images on a website.,Sending images in an email.,Storing images on your hard drive.
Exporting Images,Image Sizing,4,"You need to export several photos, both horizontal and vertical, for an Instagram post, and you want them all to have a maximum width of 1080 pixels. Which is the most efficient setting?","Set ""Resize to Fit: Width & Height"" with only W: 1080, leaving H blank.","Set ""Resize to Fit: Width & Height"" with W: 1080 and H: 1080.",You must export horizontal and vertical images separately.,"Set ""Resize to Fit: Long Edge"" to 1080 pixels."
Exporting Images,Image Sizing,5,"Setting ""Resize to Fit"" to ""Megapixels"" allows you to:",Export an image with a specific total number of pixels (width x height).,Control the exact width and height of the image.,Control the overall file size of the image on disk.,Set the resolution for printing.
Exporting Images,Output Sharpening & Metadata,1,"""Output Sharpening"" is designed to compensate for the softness that can occur during which two processes?",Resizing an image and printing it on different paper types.,Importing and rating images.,Adding keywords and collections.,Applying presets and virtual copies.
Exporting Images,Output Sharpening & Metadata,2,"If you are exporting an image to be viewed on a website or social media, which ""Sharpen For"" setting should you use?",Screen,Matte Paper,Glossy Paper,Do not sharpen
Exporting Images,Output Sharpening & Metadata,3,"You are exporting photos for a client and want to ensure your copyright information is included, but you want to hide the specific camera settings (ISO, shutter speed, etc.). Which ""Metadata"" option should you choose?",Copyright & Contact Info Only,All Metadata,Copyright Only,Remove All Metadata
Exporting Images,Output Sharpening & Metadata,4,"What is the purpose of the ""Remove Location Info"" checkbox?","It strips any GPS data from the exported file, protecting privacy.",It removes any keywords related to locations.,It deletes the original file from its folder on your hard drive.,It prevents the file from being used in the Map module.
Exporting Images,Output Sharpening & Metadata,5,"The ""Amount"" setting for Output Sharpening (Low, Standard, High) should be chosen based on:","The content of the image (e.g., a highly detailed landscape might benefit from ""High"").",The file size of the image.,The colour space of the image.,The speed of your computer.
Exporting Images,Watermarking & Post-Processing,1,Which two types of watermarks can you create and apply in Lightroom Classic?,"Simple Text and Graphic (e.g., a PNG logo)",Visible and Invisible,Preset and Custom,Static and Animated
Exporting Images,Watermarking & Post-Processing,2,"Where do you go to customise the font, size, opacity, and position of a watermark?","In the Watermark Editor, accessed by selecting ""Edit Watermarks..."" from the watermark dropdown list.","In the ""File Settings"" panel.","In the Library module's Painter tool options.","In the ""Metadata"" panel."
Exporting Images,Watermarking & Post-Processing,3,"What does the ""After Export"" option in the ""Post-Processing"" panel allow you to do?","Perform an action after the export completes, such as opening the files in Photoshop or revealing them in your file browser.",Automatically back up your catalogue.,Shut down the computer.,Apply a final Develop preset.
Exporting Images,Watermarking & Post-Processing,4,"How can you save all your custom export settings (e.g., JPEG, 2048px, sRGB, Screen Sharpening, Watermark) to be used again with one click?","By clicking the ""Add"" button in the ""Preset"" panel on the left side of the Export dialog.",By pressing Ctrl+S (Cmd+S) before exporting.,Lightroom saves the last used settings automatically.,By creating a new collection with the desired settings.
Exporting Images,Watermarking & Post-Processing,5,"If you set ""After Export"" to ""Show in Explorer/Finder,"" what happens when the export is finished?",The folder containing your newly exported images automatically opens on your desktop.,The files are selected within the Lightroom Library.,An email is generated with the files attached.,"A new import dialog opens, showing the exported files."
Managing your Images Using The Library Module,Views and Navigation,1,You want to compare a selection of 5 similar photos at once to choose the best one. Which view mode is designed for this purpose?,Survey View (N),Loupe View (E),Compare View (C),Grid View (G)
Managing your Images Using The Library Module,Views and Navigation,2,"While in Loupe view, what is the quickest way to zoom in to a 1:1 (100%) magnification to check for critical focus?",Press the 'Z' key or simply click on the image.,Double-click the Loupe view icon.,Use the zoom slider in the Navigator panel.,Press Ctrl++ (Cmd++).
Managing your Images Using The Library Module,Views and Navigation,3,Which view mode allows you to see only two images side-by-side for a direct comparison?,Compare View (C),Survey View (N),Grid View (G),Develop Module View
Managing your Images Using The Library Module,Views and Navigation,4,"In Grid view, how can you adjust the size of the image thumbnails?",By using the + and - keys on your keyboard.,"By using the ""Thumbnail Size"" slider at the bottom of the right panel.",You cannot change the thumbnail size.,By using the zoom slider in the Navigator panel on the left.
Managing your Images Using The Library Module,Views and Navigation,5,The strip of photo thumbnails that is always visible at the bottom of the screen in every module is called the:,Filmstrip,Grid,Library,Collection
Managing your Images Using The Library Module,Rating and Flagging,1,What is the most common workflow for using Pick and Reject flags?,To quickly go through an import and mark which photos to keep (Pick) and which to discard (Reject).,To mark photos for printing versus web use.,To assign colours to different photos.,To give photos a quality rating from 1 to 5 stars.
Managing your Images Using The Library Module,Rating and Flagging,2,You are rating a large set of photos and want Lightroom to automatically advance to the next image after you apply a rating or a flag. What key should you press to enable this feature?,The Caps Lock key,The Tab key,The Shift key,The Enter key
Managing your Images Using The Library Module,Rating and Flagging,3,What is the keyboard shortcut to remove all flags (Pick or Reject) from a selected image?,U,P,X,0
Managing your Images Using The Library Module,Rating and Flagging,4,"After flagging a number of photos as Rejected (X), what is the command to permanently remove them from both your catalogue and your hard drive?","Go to the Photo menu and select ""Delete Rejected Photos...""",Ctrl+Delete (Cmd+Delete),"Go to the File menu and select ""Empty Trash.""",Drag the rejected photos to the trash can icon.
Managing your Images Using The Library Module,Rating and Flagging,5,Colour labels (shortcuts 6-9) are most effectively used for:,"Marking photos based on their workflow status (e.g., red for 'to-edit,' green for 'finished,' blue for 'needs client approval').",Ranking the objective quality of a photo.,A simple yes/no selection process.,Automatically grouping photos with similar dominant colours.
Managing your Images Using The Library Module,Keywords and Metadata,1,What is the main advantage of using keywords to organise your photos?,"It makes your image library searchable based on the content of the photo (e.g., ""mountain,"" ""sunset,"" ""London"").",It automatically corrects the colour and exposure.,It backs up your photos to the cloud.,It reduces the file size of your images.
Managing your Images Using The Library Module,Keywords and Metadata,2,"The ""Painter"" tool (spray can icon) in the Library module's toolbar can be used to:","""Spray"" on attributes like keywords, ratings, or flags by clicking on thumbnails in the Grid view.",Make brush adjustments to your photos.,Change the colour of the Lightroom interface.,Add a graphical watermark to your images.
Managing your Images Using The Library Module,Keywords and Metadata,3,What is the difference between EXIF and IPTC metadata?,"EXIF is the camera-generated data (shutter speed, ISO, etc.); IPTC is descriptive information added by the user (copyright, keywords, etc.).",EXIF is applied by the user; IPTC is recorded by the camera.,EXIF is for video files; IPTC is for photos.,There is no difference; they are two terms for the same thing.
Managing your Images Using The Library Module,Keywords and Metadata,4,What is the most efficient way to apply the same copyright information to a large batch of photos?,"Create a Metadata Preset and apply it to all the photos at once, either during import or in the Library module.",Manually type it into each photo's metadata fields one at a time.,Export the photos and re-import them with new metadata.,Add the copyright text as a keyword to each photo.
Managing your Images Using The Library Module,Keywords and Metadata,5,A keyword hierarchy allows you to:,"Create parent-child relationships (e.g., the keyword ""Lion"" is nested under ""Animal""), so applying the child keyword automatically includes the parent.",Rank keywords in order of importance.,Limit the number of keywords you can use.,Automatically translate keywords into different languages.
Managing your Images Using The Library Module,Collections and Smart Collections,1,What is a fundamental characteristic of a Lightroom Collection?,It is a virtual grouping or playlist of photos that doesn't move or duplicate the original files.,It is a physical folder on your hard drive containing copies of your photos.,It can only contain photos that have a 5-star rating.,"Once a photo is in a collection, it cannot be removed."
Managing your Images Using The Library Module,Collections and Smart Collections,2,What is the primary difference between a regular Collection and a Smart Collection?,You manually drag photos into a Collection; a Smart Collection automatically populates itself based on rules you define.,Smart Collections can hold more photos than regular Collections.,Regular Collections sync with the cloud; Smart Collections do not.,"Smart Collections contain ""smart previews,"" while regular Collections do not."
Managing your Images Using The Library Module,Collections and Smart Collections,3,Which of the following would be a valid rule for a Smart Collection?,"""Rating is greater than or equal to 4 stars"" AND ""Lens is 50mm f/1.8""","""Select all photos that look good.""","""Find all photos containing the colour blue.""","""Include all photos from my last import except for the bad ones."""
Managing your Images Using The Library Module,Collections and Smart Collections,4,"What is the purpose of setting a collection as the ""Target Collection""?",It allows you to quickly add photos to that collection from any module by pressing the 'B' key.,It makes that collection the default export location.,It automatically applies a preset to all images within that collection.,It shares that collection publicly on the web.
Managing your Images Using The Library Module,Collections and Smart Collections,5,"A ""Collection Set"" is used to:",Act as a folder to organise multiple collections and other collection sets.,Automatically group similar photos together.,"Create a final, unchangeable group of photos.",Sync a group of photos with Adobe Photoshop.
Managing your Images Using The Library Module,Filtering and Searching,1,What keyboard shortcut shows or hides the Library Filter bar at the top of the Grid view?,\ (backslash),F,T,Shift+L
Managing your Images Using The Library Module,Filtering and Searching,2,"In the Library Filter bar, the ""Attribute"" section allows you to filter your images based on:","Flags, ratings, and colour labels.",The camera model or lens used.,Keywords or captions.,The date the photo was taken.
Managing your Images Using The Library Module,Filtering and Searching,3,"To find all photos taken with your 70-200mm lens, which section of the Library Filter bar would you use?",Metadata,Text,Attribute,None of the above
Managing your Images Using The Library Module,Filtering and Searching,4,"How can you search for a photo using a keyword you've applied, like ""beach""?","In the ""Text"" filter, select ""Keywords"" and type ""beach.""","In the ""Attribute"" filter, select the ""beach"" colour label.","In the ""Metadata"" filter, select ""beach"" from the camera model list.",You must go to the Keyword List panel to find photos.
Managing your Images Using The Library Module,Filtering and Searching,5,"What happens when you use multiple filters at the same time (e.g., filtering for 5 stars in ""Attribute"" and ""Canon"" in ""Metadata"")?",Lightroom shows only the photos that match ALL of the specified criteria.,Lightroom shows photos that match EITHER criterion.,The filters cancel each other out.,Lightroom displays an error message.
Managing your Images Using The Library Module,Folders and File Management,1,"The ""Folders"" panel in the Library module represents:",The exact folder structure on your computer's hard drive where your photos are stored.,A virtual organisation system that is separate from your hard drive.,A list of your Lightroom Collections.,A backup of your photo library.
Managing your Images Using The Library Module,Folders and File Management,2,"If you want to rename or move a folder of images that are already in your Lightroom catalogue, what is the correct procedure?","Do it inside Lightroom by right-clicking the folder in the Folders panel and choosing ""Rename..."" or by dragging it to a new location.","Use Windows Explorer or Mac Finder to rename/move the folder, then re-import it into Lightroom.","Export all the photos to a new, correctly named folder.",You cannot rename or move folders once they are imported.
Managing your Images Using The Library Module,Folders and File Management,3,What does a folder with a question mark (?) icon next to it in the Folders panel signify?,"The folder has been moved, renamed, or deleted outside of Lightroom, and the link to the files is broken.",The folder is new and has not been backed up.,The folder contains photos that have not been edited.,The folder is set to read-only.
Managing your Images Using The Library Module,Folders and File Management,4,"The ""Synchronize Folder"" command is used to:",Update Lightroom's catalogue with any changes (like new photos added) that were made to that folder outside of Lightroom.,Back up your folder to the cloud.,Apply the same Develop settings to all photos in a folder.,Reset the folder's name to its original state.
Managing your Images Using The Library Module,Folders and File Management,5,"To find a missing photo (indicated by a '!' icon on the thumbnail), you should:","Click the '!' icon and choose ""Locate..."" to navigate to the photo's new location.",Re-import the entire folder.,Synchronise the parent folder.,Delete the photo from the catalogue and start over.
Troubleshooting,Missing Photos and Folders,1,You open Lightroom and see a question mark (?) next to a folder in the Folders panel. What does this mean?,"The folder has been moved, renamed, or deleted outside of Lightroom, so the catalogue can't find it.",The folder contains photos with missing metadata.,The folder is new and needs to be synchronised.,The folder contains photos that are flagged as rejected.
Troubleshooting,Missing Photos and Folders,2,An individual photo thumbnail in the Grid view has an exclamation point (!) in the top-right corner. This indicates that:,"The individual photo file is missing, even if Lightroom can still find the folder it was in.",The photo's develop settings are corrupted.,The photo has been edited in an external application like Photoshop.,The photo is a virtual copy.
Troubleshooting,Missing Photos and Folders,3,What is the correct procedure to fix a missing folder (with a ? icon)?,"Right-click on the missing folder in Lightroom and choose ""Find Missing Folder..."" to navigate to its new location.",Re-import the entire folder and all its photos.,Delete the folder from the catalogue and start over.,"Use the ""Synchronize Folder"" command."
Troubleshooting,Missing Photos and Folders,4,What is the primary cause of photos and folders going missing from the Lightroom catalogue?,"Moving, renaming, or deleting the source image files or folders using Windows Explorer or Mac Finder instead of within Lightroom.",A corrupted Lightroom catalogue.,Not backing up your photos properly.,Using an external hard drive.
Troubleshooting,Missing Photos and Folders,5,"After you successfully relink a missing folder, what should happen to the missing photos inside it?","Lightroom should automatically find all the photos within that folder and its subfolders, and the ! icons should disappear.",You must find each photo individually.,The photos will remain missing until you restart Lightroom.,You have to re-edit all the photos.
Troubleshooting,Catalog Issues,1,What is the function of the main Lightroom Catalog file (.lrcat)?,"It is a database that stores a preview of each photo and a record of all the edits, ratings, and keywords you've applied.","It is a single large file that contains all of your actual photo files (e.g., RAW, JPEG).",It is a text file that contains your Lightroom Classic preferences.,It is a backup of your computer's operating system.
Troubleshooting,Catalog Issues,2,"You launch Lightroom and get an error message: ""The Lightroom catalog named 'Lightroom Catalog.lrcat' cannot be found."" What is the most likely reason?","The catalogue file has been moved or deleted, or the external drive it's on is not connected.",Your Lightroom subscription has expired.,You need to update to the latest version of Lightroom Classic.,Your computer is not connected to the internet.
Troubleshooting,Catalog Issues,3,"When you back up your Lightroom catalogue, what is being saved?",Only a copy of the database (.lrcat file) that contains your edits and organisation. Your actual photos are not included.,A copy of all your original photo files.,A copy of the .lrcat file and your preview files.,A copy of your exported JPEG files.
Troubleshooting,Catalog Issues,4,"What is the benefit of running the ""Optimize Catalog"" command?",It can improve Lightroom's performance by reorganising and cleaning up the database file.,It automatically corrects the exposure and colour of all your photos.,It deletes all your rejected photos.,It uploads your catalogue to the cloud for safekeeping.
Troubleshooting,Catalog Issues,5,"If all your photos and edits seem to have vanished, and you see an empty Library module, what is a common, accidental cause of this?","You have accidentally created a new, empty catalogue and Lightroom has opened that one instead of your main catalogue.",A computer virus has deleted all your work.,All your previews have expired.,Your photos have been converted to a different file format.
Troubleshooting,Performance Problems,1,Which of the following is a common reason for Lightroom Classic running slowly?,"Not enough available RAM, or running the catalogue and previews from a slow (non-SSD) hard drive.",Having too many collections in the Collections panel.,Applying colour labels to too many photos.,Using long filenames for your photos.
Troubleshooting,Performance Problems,2,What is the primary benefit of building Smart Previews for your images?,They allow you to continue editing your photos in the Develop module even when the external drive containing the original files is disconnected.,They are full-resolution copies of your photos for backup purposes.,They make the import process faster.,They automatically sharpen your images.
Troubleshooting,Performance Problems,3,Building 1:1 Previews during import is most beneficial for which task?,"It dramatically speeds up the process of culling and checking for focus in the Library module, as Lightroom doesn't have to render a full-size preview on the fly.",It allows you to edit photos when you are offline.,It reduces the overall size of your catalogue file.,It is a required step for exporting images.
Troubleshooting,Performance Problems,4,"Besides optimising the catalogue, what is another setting you can adjust to potentially improve performance?",Increasing the size of the Camera Raw Cache in the Preferences.,Changing the background colour of the interface from dark grey to light grey.,Deleting your collections.,Reducing the number of keywords in your catalogue.
Troubleshooting,Performance Problems,5,"If you find that editing in the Develop module is slow and laggy, what is one of the first things you should check?",That your original image files are stored on a fast drive (like an SSD) rather than a slow network drive.,That you have enough hard drive space for the catalogue.,That your monitor is properly calibrated.,That you have the latest presets installed.
Troubleshooting,Develop Module Errors,1,"You open a raw file in the Develop module and see an error message ""The profile is missing or corrupted."" What does this mean?",Lightroom cannot find the corresponding camera matching profile that it needs to correctly interpret the raw file's colours.,Your user profile is logged out.,The photo's metadata is completely gone.,Your monitor profile needs to be recalibrated.
Troubleshooting,Develop Module Errors,2,"You are using the Adjustment Brush to brighten an area, but no matter how much you paint, nothing happens. What is a likely cause?","The ""Flow,"" ""Density,"" or the Exposure slider for that brush adjustment is set to zero.","The photo is a JPEG, which cannot be edited with the brush.",You have the mask overlay turned off.,"The ""Use Graphics Processor"" option is disabled."
Troubleshooting,Develop Module Errors,3,"You apply a preset, but the ""before"" image in the Before/After view (Y key) looks identical to the ""after"" image. How can you reset the ""before"" state to the original import?","In the History panel, right-click on the ""Import"" state and choose ""Copy History Step Settings to Before.""",You have to undo all your steps manually.,You must re-import the photo.,Press Ctrl+Shift+R (Cmd+Shift+R).
Troubleshooting,Develop Module Errors,4,"Why might the Histogram in the Develop module appear completely blank or ""frozen""?",This is a known bug that can sometimes occur; switching to the Library module and back can often fix it.,This is normal behaviour for black and white images.,It can happen if the photo is severely underexposed or overexposed.,It indicates that clipping is occurring in the highlights or shadows.
Troubleshooting,Develop Module Errors,5,"You move several sliders in the Basic panel, but the image preview in the centre doesn't change, although the thumbnail in the filmstrip does. This is often a sign of:",An issue with the Graphics Processor (GPU) acceleration. Disabling it in Preferences is a common troubleshooting step.,A problem with the monitor profile.,"The ""Soft Proofing"" mode being enabled with incorrect settings.",The photo being locked from further edits.
Troubleshooting,Import and Export Failures,1,"You try to import photos and receive an error: ""The files could not be read"" or ""The destination folder is not writable."" Which of the following is a possible cause?",You don't have permission to save files to the selected destination folder.,Your Lightroom subscription doesn't include importing.,The photos have no keywords applied.,The catalogue contains too many collections.
Troubleshooting,Import and Export Failures,2,Your exported JPEGs look dull and less saturated when viewed in other applications compared to how they looked in Lightroom's Develop module. What is the most common reason for this?,"You exported in a wide-gamut colour space like ProPhoto RGB, but are viewing them in an application that is not colour-managed and expects sRGB.",You exported with the Quality slider set too low.,You did not apply any Output Sharpening.,The file was corrupted during the export process.
Troubleshooting,Import and Export Failures,3,"Lightroom refuses to import a set of photos, claiming they are ""suspected duplicates,"" but you are certain they have never been imported before. What could be the issue?","The photos have the same filenames and capture times as photos already in the catalogue (e.g., from a camera that reset its file numbering).",The photos are from an unsupported camera model.,The catalogue needs to be optimised before importing.,The photos have already been backed up to the cloud.
Troubleshooting,Import and Export Failures,4,"An export fails with a generic, unspecified error. Besides running out of disk space, what is another common technical issue that could cause this?",An invalid character (like / or *) in the proposed filename.,The Quality slider being set to 100.,Output Sharpening not being applied.,The photos containing GPS location data.
Troubleshooting,Import and Export Failures,5,"You intended to export an image at 2000 pixels on the long edge, but it came out at its original size. What did you most likely forget to do in the Export dialog?","Check the ""Resize to Fit"" box in the ""Image Sizing"" panel.",Set the Quality slider to 100.,Select the sRGB colour space.,"Uncheck the ""Don't Enlarge"" box."
Using Presets and Profiles,Understanding Presets,1,What is a Lightroom Classic preset?,A saved collection of Develop module settings that can be applied to any photo with one click.,A backup of your original photo file.,A tool for adding a watermark to your image.,A base interpretation of the raw camera data.
Using Presets and Profiles,Understanding Presets,2,"When you apply a preset to a photo that you have already edited, what happens?","The preset's settings are added on top of your existing edits, potentially overwriting them.","The preset is applied, and all your previous edits are automatically undone.",A virtual copy is automatically created before the preset is applied.,Lightroom asks you to confirm before applying the preset.
Using Presets and Profiles,Understanding Presets,3,Which of the following can NOT be included when you save a Develop preset?,The Crop and Straighten settings applied to the photo.,Adjustments to the Tone Curve or HSL panel.,Settings for sharpening and noise reduction.,Vignette and grain effects.
Using Presets and Profiles,Understanding Presets,4,How do you apply a preset to a selected photo?,By clicking the name of the preset in the Presets panel on the left side of the Develop module.,By dragging the preset from the panel onto the photo.,"By right-clicking the photo and selecting ""Apply Saved Preset.""",By using the P key on the keyboard.
Using Presets and Profiles,Understanding Presets,5,You've downloaded a set of presets from the internet (in .XMP format). How do you add them to Lightroom?,"In the Presets panel, click the plus (+) icon and choose ""Import Presets...""",You must email the files to Adobe to have them added to your account.,You must copy and paste the text from the files into the preset editor.,"You have to place the files in your computer's ""Pictures"" folder."
Using Presets and Profiles,Creating and Managing Presets,1,"After you've finished editing a photo and want to save those settings as a new preset, what is the first step?","Click the plus (+) icon at the top of the Presets panel and choose ""Create Preset...""",Go to File > Save As Preset.,"Right-click on the photo and select ""Create New Preset.""",Press Ctrl+S (Cmd+S).
Using Presets and Profiles,Creating and Managing Presets,2,"In the ""Create Preset"" dialog box, what does unchecking a box (e.g., ""White Balance"") do?","It ensures that when you apply the preset, it will not change the White Balance setting on the target photo.",It resets that specific setting in the photo back to its default.,It deletes the White Balance panel from the Develop module.,It applies a neutral white balance to the preset.
Using Presets and Profiles,Creating and Managing Presets,3,"What is the best way to organise your presets into custom categories like ""Portraits,"" ""Landscapes,"" and ""Black & White""?","Use the ""Group"" dropdown menu in the ""Create Preset"" dialog to select an existing group or create a new one.",Rename the presets to start with the category name.,You must create separate catalogues for each category of preset.,Drag and drop the presets into the Collections panel.
Using Presets and Profiles,Creating and Managing Presets,4,"You have an existing preset, but you've made some improvements to its settings on a new photo. How can you update the original preset with these new settings?","Right-click on the preset in the Presets panel and choose ""Update with Current Settings.""",You must delete the old preset and create a new one with the same name.,"Save a new preset with the same name, and Lightroom will ask if you want to overwrite it.",Drag the photo's thumbnail onto the preset's name.
Using Presets and Profiles,Creating and Managing Presets,5,Some of your presets are greyed-out and you can't click them. This usually means:,"The presets contain settings (like a specific Profile) that are not compatible with the selected file type (e.g., a JPEG).",The presets are corrupted and need to be reinstalled.,The presets are only compatible with a different version of Lightroom.,Your Lightroom subscription has expired.
Using Presets and Profiles,Understanding Profiles,1,"In the context of Lightroom, what is a ""Profile""?","The foundational rendering instructions that interpret the raw camera data into a visible image, serving as the starting point for all other edits.",Another name for a preset.,Your user account information and settings.,A set of rules for exporting an image.
Using Presets and Profiles,Understanding Profiles,2,Where is the Profile Browser located in the Develop module?,"At the very top of the Basic panel, just below the Histogram.",In the Presets panel on the left.,"Under the ""Settings"" menu in the main menu bar.",In the right-click context menu.
Using Presets and Profiles,Understanding Profiles,3,"What is the purpose of the ""Camera Matching"" profiles (e.g., Camera Faithful, Camera Landscape)?",To emulate the JPEG picture styles available in your specific camera model.,To make your photo look like it was taken with a different brand of camera.,"To apply a creative, artistic look to your photo.",To automatically correct for lens distortion.
Using Presets and Profiles,Understanding Profiles,4,"When you are editing a JPEG file, why are the Adobe Raw and Camera Matching profiles not available?","Because the rendering of a JPEG is ""baked in,"" and these profiles can only be applied to raw sensor data.",Because JPEG files cannot be edited in Lightroom.,It is a bug in the current version of Lightroom.,You must purchase them separately for JPEG editing.
Using Presets and Profiles,Understanding Profiles,5,The default profile for most raw files in the current version of Lightroom is:,Adobe Color,Adobe Standard,Adobe Landscape,Adobe Neutral
Using Presets and Profiles,The Profile Browser,1,What is the main advantage of using the Profile Browser to preview looks?,You can hover your mouse over the various profile thumbnails to see a live preview on your main image without actually applying the change.,It is the only way to apply black and white effects.,It automatically organises your photos based on which profile you use.,It allows you to create new presets.
Using Presets and Profiles,The Profile Browser,2,"For ""Creative"" profiles (like those in the Artistic or Modern groups), what does the ""Amount"" slider allow you to do?","It controls the intensity of the profile, allowing you to fade the effect from 0 to 200.",It increases or decreases the overall exposure of the image.,It changes the colour of the profile's effect.,It adjusts the number of presets visible in the panel.
Using Presets and Profiles,The Profile Browser,3,How can you make your most-used profiles easily accessible?,"By clicking the star icon that appears when you hover over a profile thumbnail, which adds it to the ""Favorites"" group at the top of the browser.",You cannot change the order of the profiles.,"By renaming the profile to have a ""1"" in front of it.",By creating a special collection for your favourite profiles.
Using Presets and Profiles,The Profile Browser,4,Which of the following is NOT a typical group of profiles found in the Profile Browser for a raw file?,Auto-Correction,Adobe Raw,B&W,Artistic
Using Presets and Profiles,The Profile Browser,5,How do you exit the full-screen Profile Browser and apply the selected profile?,"Click the ""Close"" button or double-click the desired profile thumbnail.",Press the Esc key.,Press Enter.,You must restart Lightroom.
Using Presets and Profiles,Presets vs. Profiles,1,What is the most fundamental difference between applying a Profile and applying a Preset?,"A Profile sets the foundational look *without* changing most sliders, while a Preset applies a look *by* changing the slider positions.","A Profile changes the slider positions in the edit panels, while a Preset does not.","Presets can be faded with an ""Amount"" slider, but Profiles cannot.",There is no functional difference; they are just organised differently.
Using Presets and Profiles,Presets vs. Profiles,2,"You want to apply a subtle, overall colour grade to your image but want the ability to easily dial the intensity up or down. Which tool is better suited for this?","A Creative Profile, because it has a built-in ""Amount"" slider.","A Preset, because you can update it with new settings.","Neither, you should use the HSL panel for this.",Both are equally suited for this task.
Using Presets and Profiles,Presets vs. Profiles,3,Which of the following workflows is a valid and common practice in Lightroom?,"Apply a Profile first to set the base rendering, then apply a Preset to make further stylistic adjustments.","You must choose either a Profile or a Preset, you cannot use both.","Apply a Preset first, which then locks you out of changing the Profile.","Apply a Profile, which then locks you out of using any Presets."
Using Presets and Profiles,Presets vs. Profiles,4,"If your goal is to save a very specific set of technical corrections (e.g., Sharpening: 50, Noise Reduction: 20, Lens Correction: On), which would you create?",A Preset,A Profile,A Collection,A Snapshot
Using Presets and Profiles,Presets vs. Profiles,5,"Why are Profiles considered a more ""non-destructive"" starting point than Presets?","Because they don't alter the positions of your edit sliders, leaving you with the full range of motion for your own adjustments.",Because they create smaller file sizes.,Because they can be easily deleted.,"Because they are stored in the cloud, not on your computer."
